genero,titulo,quantidade
Action,O Dia Fatal,1
Documentary,The Queen's Longest Reign: Elizabeth & Victoria,1
Documentary,The Queen: Unseen,1
Documentary,The Windsors: A Royal Family,1
Documentary,The Windsors: Inside the Royal Family,1
Documentary,Threads,1
Documentary,Three Things Must Die!,1
Documentary,Tribute to Her Majesty,1
Documentary,Ulisse - Il piacere della scoperta,1
Documentary,Une nuit à l'opéra,1
Documentary,Untitled Stephen Jones Documentary,1
Documentary,Welcome at Wayville,1
Documentary,Wizard: The Magical Realist,1
Documentary,Young Elizabeth,1
Drama,Another Country,1
Drama,Jake and the Kid,1
Drama,Jubilee,1
Drama,Just One Blood,1
Drama,O Bode Expiatório,1
Documentary,The Queen: Duty before Family?,1
Documentary,The Queen's Christmas Broadcast 2020,1
Drama,Royal Wives at War,1
Documentary,The Queen's Christmas Broadcast 2019,1
Documentary,Royal Recipes,1
Documentary,Royal River,1
Documentary,Royal Stories,1
Documentary,Secrets d'histoire,1
Documentary,Segredos da Realeza,1
Documentary,Tales from the Royal Wardrobe,1
Documentary,The 101 Events That Made The 20th Century,1
Documentary,The British,1
Documentary,The Coronation,1
Documentary,The Diamond Queen,1
Documentary,The Price of Memory,1
Documentary,The Queen and Her Prime Ministers,1
Documentary,The Queen at 80,1
Documentary,The Queen at 90,1
Documentary,The Queen by Rolf,1
Documentary,The Queen in Australia,1
Documentary,The Queen's Christmas Broadcast 2018,1
Drama,Omnibus,1
Drama,The Queen,1
Adventure,Discovery Jones Expeditions,1
News,Today,1
Reality-TV,MasterChef Australia,1
Reality-TV,The Inn Crowd,1
Short,Monthly Monologue,1
Short,Royal Visit '59: Central Canada,1
Short,Royal Visit '59: The Maritimes,1
Short,Royal Visit '59: West and Northwest,1
Short,Tardisodes,1
Short,The Queen,1
Short,The Queen Returns,1
Short,The Queen's Christmas Message,1
Sport,Wimbledon Championships 2010,1
Talk-Show,Ariel Mothers aka Ariel Maa,1
Talk-Show,Farage,1
Talk-Show,Rich and Daily,1
Talk-Show,The Five,1
Talk-Show,The Kennedy Show,1
Talk-Show,The Mike Wallace Interview,1
Reality-TV,IMDb Cheat Sheet,1
News,The Queen in the UAE,1
Family,John and Julie,1
News,The Queen Carries On: A Gayle King Special,1
Family,The Name's the Same,1
Family,What's My Line?,1
Fantasy,A-ha: Forever Not Yours,1
Game-Show,Smashhdown!: Search for The G.O.A.T,1
History,History by the Numbers,1
History,How We Used to Live,1
History,Royal Dynasty: Queen Elizabeth II,1
News,Astro Royal,1
News,CBS Mornings,1
News,CBS News Sunday Morning,1
News,Canada Tonight with Ginella Massa,1
News,Dish Nation,1
News,Entertainment Tonight,1
News,Fox News Sunday,1
News,Good Morning America,1
News,Lou Dobbs Tonight,1
News,Sky News: Afternoon Live,1
Documentary,Royal New Zealand Journey,1
Documentary,Royal Heritage,1
Documentary,Royal Destiny,1
Comedy,Corra que a Polícia vem Aí!,1
Comedy,Juventude,1
Comedy,Last Week Tonight with John Oliver,1
Comedy,M*A*S*H,1
Comedy,Mind Your Language,1
Comedy,Play for Today,1
Comedy,Sam Delaney's News Thing,1
Comedy,Spicks and Specks,1
Comedy,The Weekly with Charlie Pickering,1
Comedy,Vintage Documentaries with Hilary Merryweather,1
Crime,Selbstbedienung,1
Documentary,A Queen Is Crowned,1
Documentary,A Queen's World Tour,1
Documentary,A Very Royal Wedding,1
Documentary,After Elizabeth II: The Monarchy in Peril?,1
Documentary,Behind the Mask: The Queen,1
Documentary,Born to Royalty,1
Documentary,Buffy Sainte-Marie: A Multimedia Life,1
Comedy,Cricket Ka Crown Hum Le Jayenge!,1
Comedy,BS de Résistance,1
Documentary,Reel History of Britain,1
Comedy,All Creatures Great & Small,1
Adventure,Doctor Who,1
Adventure,The Royal Exhibition,1
Animation,Film: Commissioned for HM Queen Elizabeth II,1
Animation,Os Simpsons,1
Animation,Paddington Bear,1
Animation,The Professor's Scary Movie Show,1
Animation,Yattâman,1
Biography,Bertie e Elizabeth,1
Biography,"Eating Royally, Recipes & Remembrances of a Palace Kitchen",1
Biography,Her Majesty's Prime Minister: Margaret Thatcher,1
Biography,In Their Own Words,1
Biography,Miragirl,1
Biography,National Theatre Live: The Audience,1
Biography,O Discurso do Rei,1
Biography,Prince Charles: The Making of A King,1
Biography,Queen Elizabeth II: End of A Reign,1
Biography,The Crown,1
Documentary,Caméra 57,1
Documentary,Chic & Classic: Queen Elizabeth II,1
Documentary,Coronation Britain: The Making of a Queen,1
Documentary,Des racines & des ailes,1
Documentary,No Small Parts,1
Documentary,Our Classical Century,1
Documentary,Our Platinum Queen: 70 Years on the Throne,1
Documentary,Our Queen,1
Documentary,Our Queen at Ninety,1
Documentary,Penelope Keith at Her Majesty's Service,1
Documentary,Princess Alice: The Royals' Greatest Secret,1
Documentary,Princess Margaret: The Rebel Royal,1
Documentary,Private Lives of the Windsors,1
Documentary,QAnon Anonymous,1
Documentary,Queen & Country,1
Documentary,"Queen Elizabeth & Prince Philip: Love, Marriage & Country",1
Documentary,Queen Elizabeth II: Above All Else,1
Documentary,Queen Elizabeth II: The Diamond Celebration,1
Documentary,Queen Elizabeth II: The Unlikely Queen,1
Documentary,Queen and the Crown,1
Documentary,Queen of the World,1
Documentary,Namedni s Leonidom Parfyonovym: 1946-1960,1
Documentary,Memories of a Queen,1
Documentary,Mayday,1
Documentary,Faberge: A Life of Its Own,1
Documentary,Die Queen - Schicksalsjahre einer Königin,1
Documentary,Dora Gordine: Ars Gratia Artis,1
Documentary,Drums for a Queen,1
Documentary,Elizabeth II: A Lifetime of Service,1
Documentary,Elizabeth Is Queen,1
Documentary,Elizabeth Windsor,1
Documentary,Elizabeth: A Portrait in Part(s),1
Documentary,Famous Families,1
Documentary,Kings and Queens,1
Documentary,Forgetting the Many: The Royal Pardon of Alan Turing,1
Documentary,Gekrönte Häupter,1
Documentary,Golden Anniversary,1
Documentary,Her Majesty the Queen: A Gayle King Special,1
Documentary,Her Majesty's Prime Minister: Tony Blair,1
Documentary,Her Majesty's Prime Minister: Winston Churchill,1
Documentary,Inside Edition,1
Talk-Show,The Morning Show,1
Action,The Professor's Scary Movie Show,1
History,Queen of the World,1
Music,Our Classical Century,1
Music,A-ha: Forever Not Yours,1
Horror,Three Things Must Die!,1
History,Ulisse - Il piacere della scoperta,1
History,The Queen,1
History,Tales from the Royal Wardrobe,1
History,Royal Wives at War,1
History,Our Platinum Queen: 70 Years on the Throne,1
News,Inside Edition,1
History,Omnibus,1
History,Namedni s Leonidom Parfyonovym: 1946-1960,1
History,Last Week Tonight with John Oliver,1
History,Jubilee,1
History,Her Majesty the Queen: A Gayle King Special,1
History,Faberge: A Life of Its Own,1
History,Coronation Britain: The Making of a Queen,1
News,Caméra 57,1
News,Sam Delaney's News Thing,1
Adventure,Des racines & des ailes,1
Short,Royal River,1
Talk-Show,Lou Dobbs Tonight,1
Talk-Show,Good Morning America,1
Talk-Show,Fox News Sunday,1
Talk-Show,CBS News Sunday Morning,1
Short,Welcome at Wayville,1
Short,Une nuit à l'opéra,1
Short,Threads,1
Short,Royal Heritage,1
News,The Queen,1
Short,Royal Destiny,1
Short,Film: Commissioned for HM Queen Elizabeth II,1
Short,Drums for a Queen,1
Short,Chic & Classic: Queen Elizabeth II,1
Sci-Fi,Tardisodes,1
News,The Weekly with Charlie Pickering,1
News,The Queen's Christmas Message,1
History,Behind the Mask: The Queen,1
History,A Very Royal Wedding,1
History,A Queen Is Crowned,1
Biography,Secrets d'histoire,1
Comedy,The Royal Exhibition,1
Comedy,Os Simpsons,1
Comedy,John and Julie,1
Biography,Wizard: The Magical Realist,1
Biography,The Windsors: A Royal Family,1
Biography,The Queen's Longest Reign: Elizabeth & Victoria,1
Biography,The Queen and Her Prime Ministers,1
Biography,Queen Elizabeth II: The Diamond Celebration,1
Game-Show,What's My Line?,1
Biography,Princess Margaret: The Rebel Royal,1
Biography,Princess Alice: The Royals' Greatest Secret,1
Biography,No Small Parts,1
Biography,Kings and Queens,1
Biography,Golden Anniversary,1
Biography,Die Queen - Schicksalsjahre einer Königin,1
Biography,Buffy Sainte-Marie: A Multimedia Life,1
Crime,Corra que a Polícia vem Aí!,1
Documentary,Queen Elizabeth II: End of A Reign,1
Documentary,Royal Visit '59: Central Canada,1
Documentary,Royal Visit '59: The Maritimes,1
Game-Show,The Name's the Same,1
Game-Show,Spicks and Specks,1
Family,Yattâman,1
Family,The Price of Memory,1
Drama,The Crown,1
Drama,Play for Today,1
Drama,O Discurso do Rei,1
Drama,O Dia Fatal,1
Drama,National Theatre Live: The Audience,1
Drama,M*A*S*H,1
Drama,Juventude,1
Drama,Doctor Who,1
Drama,Bertie e Elizabeth,1
Drama,All Creatures Great & Small,1
Documentary,Royal Visit '59: West and Northwest,1
Talk-Show,Today,1
Adventure,The Professor's Scary Movie Show,1
Biography,Royal Heritage,1
War,Buffy Sainte-Marie: A Multimedia Life,1
Thriller,O Dia Fatal,1
Talk-Show,The Weekly with Charlie Pickering,1
Talk-Show,Sam Delaney's News Thing,1
Sci-Fi,Yattâman,1
Sci-Fi,Doctor Who,1
Romance,Bertie e Elizabeth,1
News,Three Things Must Die!,1
News,Last Week Tonight with John Oliver,1
Music,Spicks and Specks,1
Music,Omnibus,1
Music,Juventude,1
Music,Golden Anniversary,1
History,Une nuit à l'opéra,1
History,The Windsors: A Royal Family,1
History,The Queen's Longest Reign: Elizabeth & Victoria,1
History,The Queen and Her Prime Ministers,1
History,The Price of Memory,1
History,The Crown,1
History,Secrets d'histoire,1
History,Royal River,1
History,Princess Alice: The Royals' Greatest Secret,1
History,O Discurso do Rei,1
History,Kings and Queens,1
History,Die Queen - Schicksalsjahre einer Königin,1
History,Des racines & des ailes,1
Biography,Threads,1
War,M*A*S*H,1
